{"cameraMode":{"drawMode":0,"name":"Shaded","section":"Shading Mode"},"sceneLighting":true,"audioPlay":false,"sceneViewState":{"m_AlwaysRefresh":false,"showFog":true,"showSkybox":true,"showFlares":true,"showImageEffects":true,"showParticleSystems":true,"showVisualEffectGraphs":true,"m_FxEnabled":true},"in2DMode":false,"pivot":{"x":4.498349666595459,"y":1.6037009954452515,"z":7.794670581817627},"rotation":{"x":-0.00559590058401227,"y":0.9861676692962647,"z":-0.034036170691251758,"w":-0.16207022964954377},"size":0.20613203942775727,"orthographic":false}